<xml xmlns:o="urn:schemas-microsoft-com:office:office">
 <o:File HRef="master03.htm"/>
 <o:File HRef="master03.xml"/>
 <o:File HRef="preview.wmf"/>
 <o:File HRef="master03_image001.gif"/>
 <o:File HRef="pres.xml"/>
 <o:File HRef="slide0001.htm"/>
 <o:File HRef="slide0003.htm"/>
 <o:File HRef="slide0002.htm"/>
 <o:File HRef="slide0008.htm"/>
 <o:File HRef="slide0004.htm"/>
 <o:File HRef="slide0005.htm"/>
 <o:File HRef="slide0006.htm"/>
 <o:File HRef="slide0006_image009.gif"/>
 <o:File HRef="slide0007.htm"/>
 <o:File HRef="slide0009.htm"/>
 <o:File HRef="slide0010.htm"/>
 <o:File HRef="slide0011.htm"/>
 <o:File HRef="slide0012.htm"/>
 <o:File HRef="slide0013.htm"/>
 <o:File HRef="master03_stylesheet.css"/>
 <o:MainFile HRef="../NWCPP.htm"/>
 <o:File HRef="error.htm"/>
 <o:File HRef="fullscreen.htm"/>
 <o:File HRef="outline.htm"/>
 <o:File HRef="buttons.gif"/>
 <o:File HRef="frame.htm"/>
 <o:File HRef="script.js"/>
 <o:File HRef="filelist.xml"/>
</xml>