<xml xmlns:v="urn:schemas-microsoft-com:vml"
 xmlns:o="urn:schemas-microsoft-com:office:office"
 xmlns:p="urn:schemas-microsoft-com:office:powerpoint">
 <o:shapelayout v:ext="edit">
  <o:idmap v:ext="edit" data="1,2"/>
 </o:shapelayout><p:colorscheme
  colors="#99CCFF,#000000,#808080,#000000,#00CC99,#3333CC,#CCCCFF,#B2B2B2"/>
 <v:background id="_x0000_s1025" o:bwmode="white" fillcolor="#9cf [0]">
  <v:fill color2="#33c [5]"/>
 </v:background><p:shaperange id="_x0000_s1026">
  <v:shapetype id="_x0000_s1026" style='position:absolute;left:54pt;top:48pt;
   width:612pt;height:90pt;v-text-anchor:middle' coordsize="21600,21600"
   o:master="" o:spt="1" path="m0,0l0,21600,21600,21600,21600,0xe" filled="f"
   fillcolor="#0c9 [4]" stroked="f" strokecolor="black [1]">
   <v:fill color2="#9cf [0]" o:detectmouseclick="t"/>
   <v:stroke joinstyle="miter" o:forcedash="t"/>
   <v:shadow color="gray [2]"/>
   <v:path gradientshapeok="t" o:connecttype="rect"/>
   <o:lock v:ext="edit" grouping="t"/>
   <p:placeholder type="title"/>
  </v:shapetype></p:shaperange>
 <p:shaperange id="_x0000_s1027">
  <v:shapetype id="_x0000_s1027" style='position:absolute;left:54pt;top:156pt;
   width:612pt;height:234pt' coordsize="21600,21600" o:master="" o:spt="1"
   path="m0,0l0,21600,21600,21600,21600,0xe" filled="f" fillcolor="#0c9 [4]"
   stroked="f" strokecolor="black [1]">
   <v:fill color2="#9cf [0]" o:detectmouseclick="t"/>
   <v:stroke joinstyle="miter" o:forcedash="t"/>
   <v:shadow color="gray [2]"/>
   <v:path gradientshapeok="t" o:connecttype="rect"/>
   <o:lock v:ext="edit" grouping="t"/>
   <p:placeholder type="body" position="1"/>
  </v:shapetype></p:shaperange>
 <p:shaperange id="_x0000_s1028">
  <v:shapetype id="_x0000_s1028" style='position:absolute;left:54pt;top:492pt;
   width:150pt;height:36pt' coordsize="21600,21600" o:master="" o:spt="1"
   path="m0,0l0,21600,21600,21600,21600,0xe" filled="f" fillcolor="#0c9 [4]"
   stroked="f" strokecolor="black [1]">
   <v:fill color2="#9cf [0]" o:detectmouseclick="t"/>
   <v:stroke joinstyle="miter" o:forcedash="t"/>
   <v:shadow color="gray [2]"/>
   <v:path gradientshapeok="t" o:connecttype="rect"/>
   <o:lock v:ext="edit" grouping="t"/>
   <p:placeholder type="dateTime" position="2" size="half"/>
  </v:shapetype></p:shaperange>
 <p:shaperange id="_x0000_s1029">
  <v:shapetype id="_x0000_s1029" style='position:absolute;left:246pt;top:492pt;
   width:228pt;height:36pt' coordsize="21600,21600" o:master="" o:spt="1"
   path="m0,0l0,21600,21600,21600,21600,0xe" filled="f" fillcolor="#0c9 [4]"
   stroked="f" strokecolor="black [1]">
   <v:fill color2="#9cf [0]" o:detectmouseclick="t"/>
   <v:stroke joinstyle="miter" o:forcedash="t"/>
   <v:shadow color="gray [2]"/>
   <v:path gradientshapeok="t" o:connecttype="rect"/>
   <o:lock v:ext="edit" grouping="t"/>
   <p:placeholder type="footer" position="3" size="quarter"/>
  </v:shapetype></p:shaperange>
 <p:shaperange id="_x0000_s1030">
  <v:shapetype id="_x0000_s1030" style='position:absolute;left:516pt;top:492pt;
   width:150pt;height:36pt' coordsize="21600,21600" o:master="" o:spt="1"
   path="m0,0l0,21600,21600,21600,21600,0xe" filled="f" fillcolor="#0c9 [4]"
   stroked="f" strokecolor="black [1]">
   <v:fill color2="#9cf [0]" o:detectmouseclick="t"/>
   <v:stroke joinstyle="miter" o:forcedash="t"/>
   <v:shadow color="gray [2]"/>
   <v:path gradientshapeok="t" o:connecttype="rect"/>
   <o:lock v:ext="edit" grouping="t"/>
   <p:placeholder type="slideNumber" position="4" size="quarter"/>
  </v:shapetype></p:shaperange>
 <p:shaperange id="_x0000_s1032">
  <v:shapetype id="_x0000_t75" coordsize="21600,21600" o:spt="75"
   o:preferrelative="t" path="m@4@5l@4@11@9@11@9@5xe" filled="f" stroked="f">
   <v:stroke joinstyle="miter"/>
   <v:formulas>
    <v:f eqn="if lineDrawn pixelLineWidth 0"/>
    <v:f eqn="sum @0 1 0"/>
    <v:f eqn="sum 0 0 @1"/>
    <v:f eqn="prod @2 1 2"/>
    <v:f eqn="prod @3 21600 pixelWidth"/>
    <v:f eqn="prod @3 21600 pixelHeight"/>
    <v:f eqn="sum @0 0 1"/>
    <v:f eqn="prod @6 1 2"/>
    <v:f eqn="prod @7 21600 pixelWidth"/>
    <v:f eqn="sum @8 21600 0"/>
    <v:f eqn="prod @7 21600 pixelHeight"/>
    <v:f eqn="sum @10 21600 0"/>
   </v:formulas>
   <v:path o:extrusionok="f" gradientshapeok="t" o:connecttype="rect"/>
   <o:lock v:ext="edit" aspectratio="t"/>
  </v:shapetype><v:shape id="_x0000_s1032" type="#_x0000_t75" alt=""
   href="http://nwcpp.org/Default.htm" target="_parent" style='position:absolute;
   left:558pt;top:402pt;width:108.875pt;height:73.75pt' o:userdrawn="t">
   <v:fill o:detectmouseclick="t"/>
   <v:imagedata src="master03_image001.gif" o:title="logo-med"/>
  </v:shape></p:shaperange>
</xml>