<xml xmlns:o="urn:schemas-microsoft-com:office:office">
 <o:File HRef="master08.htm"/>
 <o:File HRef="master08.xml"/>
 <o:File HRef="preview.wmf"/>
 <o:File HRef="master09.htm"/>
 <o:File HRef="master09.xml"/>
 <o:File HRef="master02.htm"/>
 <o:File HRef="pres.xml"/>
 <o:File HRef="slide0011.htm"/>
 <o:File HRef="master08_image001.gif"/>
 <o:File HRef="slide0001.htm"/>
 <o:File HRef="slide0002.htm"/>
 <o:File HRef="slide0003.htm"/>
 <o:File HRef="slide0022.htm"/>
 <o:File HRef="slide0004.htm"/>
 <o:File HRef="slide0005.htm"/>
 <o:File HRef="slide0012.htm"/>
 <o:File HRef="slide0006.htm"/>
 <o:File HRef="slide0007.htm"/>
 <o:File HRef="slide0008.htm"/>
 <o:File HRef="slide0009.htm"/>
 <o:File HRef="dsld0009_image002.gif"/>
 <o:File HRef="slide0010.htm"/>
 <o:File HRef="slide0013.htm"/>
 <o:File HRef="slide0013_image003.gif"/>
 <o:File HRef="slide0014.htm"/>
 <o:File HRef="slide0015.htm"/>
 <o:File HRef="slide0016.htm"/>
 <o:File HRef="slide0016_image004.gif"/>
 <o:File HRef="slide0017.htm"/>
 <o:File HRef="slide0018.htm"/>
 <o:File HRef="slide0019.htm"/>
 <o:File HRef="slide0020.htm"/>
 <o:File HRef="slide0021.htm"/>
 <o:File HRef="master01.htm"/>
 <o:File HRef="master08_stylesheet.css"/>
 <o:MainFile HRef="../Presentation.htm"/>
 <o:File HRef="error.htm"/>
 <o:File HRef="fullscreen.htm"/>
 <o:File HRef="outline.htm"/>
 <o:File HRef="buttons.gif"/>
 <o:File HRef="frame.htm"/>
 <o:File HRef="script.js"/>
 <o:File HRef="filelist.xml"/>
</xml>