<xml xmlns:v="urn:schemas-microsoft-com:vml"
 xmlns:o="urn:schemas-microsoft-com:office:office"
 xmlns:p="urn:schemas-microsoft-com:office:powerpoint">
 <o:shapelayout v:ext="edit">
  <o:idmap v:ext="edit" data="9,33"/>
 </o:shapelayout><p:colorscheme
  colors="#0066CC,#FFFFFF,#000000,#CBCBCB,#009999,#FF9933,#330099,#CBCBCB"/>
 <v:background id="_x0000_s9217" o:bwmode="white" fillcolor="#06c [0]">
  <v:fill alignshape="f"/>
 </v:background><p:shaperange id="_x0000_s9218">
  <v:group id="_x0000_s9218" style='position:absolute;left:0;top:9.25pt;
   width:719.875pt;height:530.625pt' coordorigin=",74" coordsize="5759,4245">
   <v:rect id="_x0000_s9219" style='position:absolute;left:432;top:4113;
    width:2208;height:206' o:bwmode="inverseGray" fillcolor="#309 [6]"
    stroked="f" strokecolor="white [1]"/>
   <v:rect id="_x0000_s9220" style='position:absolute;left:432;top:1536;
    width:5327;height:480' o:bwmode="inverseGray" fillcolor="#309 [6]"
    stroked="f" strokecolor="white [1]"/>
   <v:oval id="_x0000_s9221" style='position:absolute;left:555;top:74;width:42;
    height:42' o:bwmode="inverseGray" fillcolor="#cbcbcb [3]" stroked="f"
    strokecolor="white [1]"/>
   <v:oval id="_x0000_s9222" style='position:absolute;left:555;top:219;width:42;
    height:41' o:bwmode="inverseGray" fillcolor="#cbcbcb [3]" stroked="f"
    strokecolor="white [1]"/>
   <v:oval id="_x0000_s9223" style='position:absolute;left:555;top:362;width:42;
    height:41' o:bwmode="inverseGray" fillcolor="#cbcbcb [3]" stroked="f"
    strokecolor="white [1]"/>
   <v:oval id="_x0000_s9224" style='position:absolute;left:555;top:651;width:42;
    height:41' o:bwmode="inverseGray" fillcolor="#cbcbcb [3]" stroked="f"
    strokecolor="white [1]"/>
   <v:oval id="_x0000_s9225" style='position:absolute;left:555;top:794;width:42;
    height:42' o:bwmode="inverseGray" fillcolor="#cbcbcb [3]" stroked="f"
    strokecolor="white [1]"/>
   <v:oval id="_x0000_s9226" style='position:absolute;left:555;top:939;width:42;
    height:41' o:bwmode="inverseGray" fillcolor="#cbcbcb [3]" stroked="f"
    strokecolor="white [1]"/>
   <v:oval id="_x0000_s9227" style='position:absolute;left:555;top:1082;
    width:42;height:41' o:bwmode="inverseGray" fillcolor="#cbcbcb [3]"
    stroked="f" strokecolor="white [1]"/>
   <v:oval id="_x0000_s9228" style='position:absolute;left:555;top:1227;
    width:42;height:40' o:bwmode="inverseGray" fillcolor="#cbcbcb [3]"
    stroked="f" strokecolor="white [1]"/>
   <v:oval id="_x0000_s9229" style='position:absolute;left:555;top:1371;
    width:42;height:41' o:bwmode="inverseGray" fillcolor="#cbcbcb [3]"
    stroked="f" strokecolor="white [1]"/>
   <v:group id="_x0000_s9230" style='position:absolute;left:2859;top:4202;
    width:2729;height:41' coordorigin="2859,4202" coordsize="2729,41">
    <v:oval id="_x0000_s9231" style='position:absolute;left:2859;top:4202;
     width:42;height:41' o:bwmode="inverseGray" fillcolor="#cbcbcb [3]"
     stroked="f" strokecolor="white [1]"/>
    <v:oval id="_x0000_s9232" style='position:absolute;left:3243;top:4202;
     width:42;height:41' o:bwmode="inverseGray" fillcolor="#cbcbcb [3]"
     stroked="f" strokecolor="white [1]"/>
    <v:oval id="_x0000_s9233" style='position:absolute;left:3627;top:4202;
     width:41;height:41' o:bwmode="inverseGray" fillcolor="#cbcbcb [3]"
     stroked="f" strokecolor="white [1]"/>
    <v:oval id="_x0000_s9234" style='position:absolute;left:4011;top:4202;
     width:41;height:41' o:bwmode="inverseGray" fillcolor="#cbcbcb [3]"
     stroked="f" strokecolor="white [1]"/>
    <v:oval id="_x0000_s9235" style='position:absolute;left:4395;top:4202;
     width:42;height:41' o:bwmode="inverseGray" fillcolor="#cbcbcb [3]"
     stroked="f" strokecolor="white [1]"/>
    <v:oval id="_x0000_s9236" style='position:absolute;left:4779;top:4202;
     width:42;height:41' o:bwmode="inverseGray" fillcolor="#cbcbcb [3]"
     stroked="f" strokecolor="white [1]"/>
    <v:oval id="_x0000_s9237" style='position:absolute;left:5163;top:4202;
     width:42;height:41' o:bwmode="inverseGray" fillcolor="#cbcbcb [3]"
     stroked="f" strokecolor="white [1]"/>
    <v:oval id="_x0000_s9238" style='position:absolute;left:5547;top:4202;
     width:41;height:41' o:bwmode="inverseGray" fillcolor="#cbcbcb [3]"
     stroked="f" strokecolor="white [1]"/>
   </v:group><v:oval id="_x0000_s9239" style='position:absolute;left:555;top:507;
    width:42;height:40' o:bwmode="inverseGray" fillcolor="#cbcbcb [3]"
    stroked="f" strokecolor="white [1]"/>
   <v:group id="_x0000_s9240" style='position:absolute;top:2327;width:1203;
    height:1203' coordorigin=",2327" coordsize="1203,1203">
    <v:shape id="_x0000_s9241" style='position:absolute;top:2394;width:443;
     height:1033' coordsize="443,1033" o:bwmode="inverseGray" path="m272,1032hel290,1016,301,992,316,974,328,955,354,920,373,904,384,884,390,848,381,832,375,812,370,794,361,774,361,760,361,747,361,734,359,722,359,707,364,698,373,691,390,686,391,686,395,682,395,680,395,677,390,671,386,666,386,660,395,655,437,635,442,626,442,619,442,613,438,604,417,577,400,543,391,511,384,474,368,465,354,455,339,444,326,433,317,422,312,411,308,402,307,391,285,363,290,339,301,314,308,289,308,267,298,278,287,294,280,307,272,314,269,283,271,254,272,224,272,195,280,177,280,164,280,146,281,133,281,123,285,113,290,104,296,97,296,97,298,94,298,94,298,94,301,92,303,86,307,83,308,83,317,79,323,77,328,77,334,74,337,74,339,72,345,67,345,63,337,50,337,50,337,47,337,47,337,43,337,43,337,41,334,41,334,38,328,30,321,21,317,11,316,,249,41,188,94,133,151,88,218,50,289,21,366,5,446,,530,5,608,20,680,45,751,74,819,114,879,160,938,215,987,272,1032e"
     fillcolor="#cbcbcb [7]" stroked="f" strokecolor="white [1]">
     <v:stroke startarrowwidth="narrow" startarrowlength="short"
      endarrowwidth="narrow" endarrowlength="short"/>
     <v:path arrowok="t"/>
    </v:shape><v:shape id="_x0000_s9242" style='position:absolute;left:379;
     top:2327;width:824;height:1203' coordsize="824,1203" o:bwmode="inverseGray"
     path="m803,736hel807,724,808,713,812,702,814,691,803,691,796,688,783,686,776,680,770,675,767,666,761,661,760,655,756,641,756,624,760,610,767,599,781,597,792,599,803,608,812,615,819,628,823,619,823,610,823,605,823,597,819,549,814,502,807,455,792,411,776,366,756,325,734,285,709,247,705,247,702,244,698,244,693,242,677,253,668,254,660,258,651,262,642,264,631,267,619,273,606,278,594,283,583,285,574,289,567,291,557,289,554,285,548,280,547,278,543,273,536,258,532,244,532,231,530,217,532,202,541,190,552,177,563,170,574,159,583,146,588,134,588,119,568,105,552,92,532,81,512,70,491,58,471,47,449,38,428,31,442,45,455,56,465,63,484,74,485,88,484,105,478,123,478,135,484,150,484,155,480,161,474,166,469,170,465,175,465,180,465,190,464,195,460,197,458,200,455,200,453,200,447,197,442,200,433,202,428,202,424,200,424,197,424,197,422,195,419,164,411,159,406,150,397,141,390,134,386,125,384,117,381,108,384,103,386,99,390,99,390,97,391,97,397,103,406,108,413,110,422,110,424,110,424,108,424,108,424,108,424,72,411,56,395,42,377,27,364,9,350,5,339,2,325,,312,,308,,308,2,308,5,307,9,289,14,281,27,276,42,265,56,260,56,256,56,251,56,249,58,240,72,231,87,224,99,213,110,209,110,209,110,209,110,209,114,184,139,184,139,184,139,184,139,184,141,195,146,209,150,224,153,234,153,236,155,240,155,240,159,242,161,240,164,234,166,231,170,225,171,220,180,215,195,209,208,209,222,213,227,215,227,213,231,209,238,209,238,213,242,213,242,215,244,231,233,260,231,260,227,262,226,265,226,267,222,267,200,289,155,289,155,292,155,292,155,292,155,303,170,312,180,323,195,336,206,343,211,345,217,350,226,354,231,354,244,354,258,359,273,364,283,366,285,370,289,372,291,375,294,375,298,372,300,372,305,370,309,359,305,348,294,336,285,323,283,314,289,308,294,299,300,296,305,298,309,299,310,299,314,303,314,312,314,317,316,319,321,323,330,323,330,319,334,317,339,317,339,260,327,260,334,260,339,260,345,256,347,251,356,249,357,242,366,225,393,189,411,188,413,184,419,184,424,184,430,184,439,184,453,184,469,184,478,173,478,164,475,157,469,151,464,151,449,148,435,141,424,130,413,117,417,110,417,101,413,94,408,83,402,72,397,59,393,49,392,38,402,21,424,5,448,,455,21,475,25,516,29,516,38,513,43,511,49,505,54,496,58,491,63,485,72,480,74,480,74,484,74,484,74,485,63,538,79,556,77,567,68,574,59,583,54,597,54,608,63,619,74,630,88,641,101,646,114,646,124,644,132,641,141,635,148,635,153,639,160,641,168,644,184,652,195,661,209,670,220,677,225,691,229,706,231,722,234,738,249,744,262,749,276,758,287,772,298,800,308,830,319,861,334,886,350,904,366,924,381,944,395,966,397,980,397,993,391,1007,381,1018,364,1022,348,1027,334,1032,319,1038,307,1043,292,1052,278,1063,262,1074,249,1083,231,1090,215,1094,198,1099,182,1105,164,1110,151,1119,141,1132,124,1146,106,1160,88,1171,68,1180,88,1186,106,1188,124,1193,142,1197,162,1198,182,1198,200,1202,220,1202,252,1202,287,1198,319,1193,354,1186,386,1177,417,1168,447,1155,478,1141,505,1126,536,1110,559,1094,588,1074,613,1052,637,1029,660,1007,682,982,666,966,646,955,626,940,610,929,590,922,574,917,557,904,547,893,547,892,547,888,543,888,543,886,543,874,547,863,547,855,548,845,557,819,567,791,579,769,601,753,613,749,624,744,631,742,642,738,655,738,666,736,673,729,684,727,695,727,704,722,715,718,725,713,736,711,749,707,760,707,770,711,776,717,783,722,792,729,803,736e"
     fillcolor="#cbcbcb [7]" stroked="f" strokecolor="white [1]">
     <v:stroke startarrowwidth="narrow" startarrowlength="short"
      endarrowwidth="narrow" endarrowlength="short"/>
     <v:path arrowok="t"/>
    </v:shape><v:shape id="_x0000_s9243" style='position:absolute;left:530;
     top:2834;width:63;height:73' coordsize="63,73" o:bwmode="inverseGray"
     path="m42,65hel58,72,62,72,62,67,58,65,58,62,44,56,37,45,31,34,26,20,9,,6,4,2,9,,11,,18,,20,,20,,20,,20,9,31,20,45,31,56,42,65e"
     fillcolor="#cbcbcb [7]" stroked="f" strokecolor="white [1]">
     <v:stroke startarrowwidth="narrow" startarrowlength="short"
      endarrowwidth="narrow" endarrowlength="short"/>
     <v:path arrowok="t"/>
    </v:shape></v:group></v:group></p:shaperange>
 <p:shaperange id="_x0000_s9244">
  <v:shapetype id="_x0000_s9244" style='position:absolute;left:54pt;top:180pt;
   width:612pt;height:90pt;v-text-anchor:middle' coordsize="21600,21600"
   o:master="" o:spt="1" path="m0,0l0,21600,21600,21600,21600,0xe" filled="f"
   fillcolor="#099 [4]" stroked="f" strokecolor="white [1]">
   <v:fill o:detectmouseclick="t"/>
   <v:stroke joinstyle="miter" o:forcedash="t"/>
   <v:path gradientshapeok="t" o:connecttype="rect"/>
   <o:lock v:ext="edit" grouping="t"/>
   <v:textbox inset="7.25pt,46038emu,7.25pt,46038emu"/>
   <p:placeholder type="centerTitle" size="quarter"/>
  </v:shapetype></p:shaperange>
 <p:shaperange id="_x0000_s9245">
  <v:shapetype id="_x0000_s9245" style='position:absolute;left:162pt;top:324pt;
   width:7in;height:138pt' coordsize="21600,21600" o:master="" o:spt="1"
   path="m0,0l0,21600,21600,21600,21600,0xe" filled="f" fillcolor="#099 [4]"
   stroked="f" strokecolor="white [1]">
   <v:fill o:detectmouseclick="t"/>
   <v:stroke joinstyle="miter" o:forcedash="t"/>
   <v:path gradientshapeok="t" o:connecttype="rect"/>
   <o:lock v:ext="edit" grouping="t"/>
   <v:textbox inset="7.25pt,46038emu,7.25pt,46038emu"/>
   <p:placeholder type="subTitle" position="1" size="quarter"/>
  </v:shapetype></p:shaperange>
 <p:shaperange id="_x0000_s9246">
  <v:shapetype id="_x0000_s9246" style='position:absolute;left:54pt;top:492pt;
   width:150pt;height:36pt' coordsize="21600,21600" o:master="" o:spt="1"
   path="m0,0l0,21600,21600,21600,21600,0xe" filled="f" fillcolor="#099 [4]"
   stroked="f" strokecolor="white [1]" strokeweight="1pt">
   <v:fill o:detectmouseclick="t"/>
   <v:stroke startarrowwidth="narrow" startarrowlength="short" endarrowwidth="narrow"
    endarrowlength="short" color2="#06c [0]" joinstyle="miter" endcap="square"
    o:forcedash="t"/>
   <v:path gradientshapeok="t" o:connecttype="rect"/>
   <o:lock v:ext="edit" grouping="t"/>
   <p:placeholder type="dateTime" position="2" size="quarter"/>
  </v:shapetype></p:shaperange>
 <p:shaperange id="_x0000_s9247">
  <v:shapetype id="_x0000_s9247" style='position:absolute;left:246pt;top:492pt;
   width:228pt;height:36pt' coordsize="21600,21600" o:master="" o:spt="1"
   path="m0,0l0,21600,21600,21600,21600,0xe" filled="f" fillcolor="#099 [4]"
   stroked="f" strokecolor="white [1]" strokeweight="1pt">
   <v:fill o:detectmouseclick="t"/>
   <v:stroke startarrowwidth="narrow" startarrowlength="short" endarrowwidth="narrow"
    endarrowlength="short" color2="#06c [0]" joinstyle="miter" endcap="square"
    o:forcedash="t"/>
   <v:path gradientshapeok="t" o:connecttype="rect"/>
   <o:lock v:ext="edit" grouping="t"/>
   <p:placeholder type="footer" position="3" size="quarter"/>
  </v:shapetype></p:shaperange>
 <p:shaperange id="_x0000_s9248">
  <v:shapetype id="_x0000_s9248" style='position:absolute;left:516pt;top:492pt;
   width:150pt;height:36pt' coordsize="21600,21600" o:master="" o:spt="1"
   path="m0,0l0,21600,21600,21600,21600,0xe" filled="f" fillcolor="#099 [4]"
   stroked="f" strokecolor="white [1]" strokeweight="1pt">
   <v:fill o:detectmouseclick="t"/>
   <v:stroke startarrowwidth="narrow" startarrowlength="short" endarrowwidth="narrow"
    endarrowlength="short" color2="#06c [0]" joinstyle="miter" endcap="square"
    o:forcedash="t"/>
   <v:path gradientshapeok="t" o:connecttype="rect"/>
   <o:lock v:ext="edit" grouping="t"/>
   <p:placeholder type="slideNumber" position="4" size="quarter"/>
  </v:shapetype></p:shaperange>
</xml>