<xml xmlns:v="urn:schemas-microsoft-com:vml"
 xmlns:o="urn:schemas-microsoft-com:office:office"
 xmlns:p="urn:schemas-microsoft-com:office:powerpoint">
 <o:shapelayout v:ext="edit">
  <o:idmap v:ext="edit" data="8,11,16"/>
 </o:shapelayout><p:colorscheme
  colors="#0066CC,#FFFFFF,#000000,#CBCBCB,#009999,#FF9933,#330099,#CBCBCB"/>
 <v:background id="_x0000_s8193" o:bwmode="white" fillcolor="#06c [0]">
  <v:fill alignshape="f"/>
 </v:background><p:shaperange id="_x0000_s8194">
  <v:group id="_x0000_s8194" style='position:absolute;left:54pt;top:9.25pt;
   width:665.875pt;height:530.625pt' coordorigin="432,74" coordsize="5327,4245">
   <v:rect id="_x0000_s8195" style='position:absolute;left:432;top:4176;
    width:2208;height:143' o:bwmode="inverseGray" fillcolor="#309 [6]"
    stroked="f" strokecolor="white [1]"/>
   <v:group id="_x0000_s8196" style='position:absolute;left:2859;top:4250;
    width:2729;height:41' coordorigin="2859,4250" coordsize="2729,41">
    <v:oval id="_x0000_s8197" style='position:absolute;left:2859;top:4250;
     width:42;height:41' o:bwmode="inverseGray" fillcolor="#cbcbcb [3]"
     stroked="f" strokecolor="white [1]"/>
    <v:oval id="_x0000_s8198" style='position:absolute;left:3243;top:4250;
     width:42;height:41' o:bwmode="inverseGray" fillcolor="#cbcbcb [3]"
     stroked="f" strokecolor="white [1]"/>
    <v:oval id="_x0000_s8199" style='position:absolute;left:3627;top:4250;
     width:41;height:41' o:bwmode="inverseGray" fillcolor="#cbcbcb [3]"
     stroked="f" strokecolor="white [1]"/>
    <v:oval id="_x0000_s8200" style='position:absolute;left:4011;top:4250;
     width:41;height:41' o:bwmode="inverseGray" fillcolor="#cbcbcb [3]"
     stroked="f" strokecolor="white [1]"/>
    <v:oval id="_x0000_s8201" style='position:absolute;left:4395;top:4250;
     width:42;height:41' o:bwmode="inverseGray" fillcolor="#cbcbcb [3]"
     stroked="f" strokecolor="white [1]"/>
    <v:oval id="_x0000_s8202" style='position:absolute;left:4779;top:4250;
     width:42;height:41' o:bwmode="inverseGray" fillcolor="#cbcbcb [3]"
     stroked="f" strokecolor="white [1]"/>
    <v:oval id="_x0000_s8203" style='position:absolute;left:5163;top:4250;
     width:42;height:41' o:bwmode="inverseGray" fillcolor="#cbcbcb [3]"
     stroked="f" strokecolor="white [1]"/>
    <v:oval id="_x0000_s8204" style='position:absolute;left:5547;top:4250;
     width:41;height:41' o:bwmode="inverseGray" fillcolor="#cbcbcb [3]"
     stroked="f" strokecolor="white [1]"/>
   </v:group><v:rect id="_x0000_s8205" style='position:absolute;left:480;top:480;
    width:5279;height:480' o:bwmode="inverseGray" fillcolor="#309 [6]"
    stroked="f" strokecolor="white [1]"/>
   <v:oval id="_x0000_s8206" style='position:absolute;left:507;top:74;width:42;
    height:42' o:bwmode="inverseGray" fillcolor="#cbcbcb [3]" stroked="f"
    strokecolor="white [1]"/>
   <v:oval id="_x0000_s8207" style='position:absolute;left:507;top:219;width:42;
    height:41' o:bwmode="inverseGray" fillcolor="#cbcbcb [3]" stroked="f"
    strokecolor="white [1]"/>
   <v:oval id="_x0000_s8208" style='position:absolute;left:507;top:362;width:42;
    height:41' o:bwmode="inverseGray" fillcolor="#cbcbcb [3]" stroked="f"
    strokecolor="white [1]"/>
  </v:group></p:shaperange>
 <p:shaperange id="_x0000_s8209">
  <v:shapetype id="_x0000_s8209" style='position:absolute;left:54pt;top:48pt;
   width:612pt;height:90pt;v-text-anchor:middle' coordsize="21600,21600"
   o:master="" o:spt="1" path="m0,0l0,21600,21600,21600,21600,0xe" filled="f"
   fillcolor="#099 [4]" stroked="f" strokecolor="white [1]">
   <v:fill o:detectmouseclick="t"/>
   <v:stroke joinstyle="miter" o:forcedash="t"/>
   <v:path gradientshapeok="t" o:connecttype="rect"/>
   <o:lock v:ext="edit" grouping="t"/>
   <v:textbox inset="7.25pt,46038emu,7.25pt,46038emu"/>
   <p:placeholder type="title"/>
  </v:shapetype></p:shaperange>
 <p:shaperange id="_x0000_s8210">
  <v:shapetype id="_x0000_s8210" style='position:absolute;left:54pt;top:156pt;
   width:612pt;height:324pt' coordsize="21600,21600" o:master="" o:spt="1"
   path="m0,0l0,21600,21600,21600,21600,0xe" filled="f" fillcolor="#099 [4]"
   stroked="f" strokecolor="white [1]">
   <v:fill o:detectmouseclick="t"/>
   <v:stroke joinstyle="miter" o:forcedash="t"/>
   <v:path gradientshapeok="t" o:connecttype="rect"/>
   <o:lock v:ext="edit" grouping="t"/>
   <v:textbox inset="7.25pt,46038emu,7.25pt,46038emu"/>
   <p:placeholder type="body" position="1"/>
  </v:shapetype></p:shaperange>
 <p:shaperange id="_x0000_s8211">
  <v:shapetype id="_x0000_s8211" style='position:absolute;left:54pt;top:492pt;
   width:150pt;height:36pt' coordsize="21600,21600" o:master="" o:spt="1"
   path="m0,0l0,21600,21600,21600,21600,0xe" filled="f" fillcolor="#099 [4]"
   stroked="f" strokecolor="white [1]" strokeweight="1pt">
   <v:fill o:detectmouseclick="t"/>
   <v:stroke startarrowwidth="narrow" startarrowlength="short" endarrowwidth="narrow"
    endarrowlength="short" color2="#06c [0]" joinstyle="miter" endcap="square"
    o:forcedash="t"/>
   <v:path gradientshapeok="t" o:connecttype="rect"/>
   <o:lock v:ext="edit" grouping="t"/>
   <p:placeholder type="dateTime" position="2" size="half"/>
  </v:shapetype></p:shaperange>
 <p:shaperange id="_x0000_s8212">
  <v:shapetype id="_x0000_s8212" style='position:absolute;left:246pt;top:492pt;
   width:228pt;height:36pt' coordsize="21600,21600" o:master="" o:spt="1"
   path="m0,0l0,21600,21600,21600,21600,0xe" filled="f" fillcolor="#099 [4]"
   stroked="f" strokecolor="white [1]" strokeweight="1pt">
   <v:fill o:detectmouseclick="t"/>
   <v:stroke startarrowwidth="narrow" startarrowlength="short" endarrowwidth="narrow"
    endarrowlength="short" color2="#06c [0]" joinstyle="miter" endcap="square"
    o:forcedash="t"/>
   <v:path gradientshapeok="t" o:connecttype="rect"/>
   <o:lock v:ext="edit" grouping="t"/>
   <p:placeholder type="footer" position="3" size="quarter"/>
  </v:shapetype></p:shaperange>
 <p:shaperange id="_x0000_s8213">
  <v:shapetype id="_x0000_s8213" style='position:absolute;left:516pt;top:492pt;
   width:150pt;height:36pt' coordsize="21600,21600" o:master="" o:spt="1"
   path="m0,0l0,21600,21600,21600,21600,0xe" filled="f" fillcolor="#099 [4]"
   stroked="f" strokecolor="white [1]" strokeweight="1pt">
   <v:fill o:detectmouseclick="t"/>
   <v:stroke startarrowwidth="narrow" startarrowlength="short" endarrowwidth="narrow"
    endarrowlength="short" color2="#06c [0]" joinstyle="miter" endcap="square"
    o:forcedash="t"/>
   <v:path gradientshapeok="t" o:connecttype="rect"/>
   <o:lock v:ext="edit" grouping="t"/>
   <p:placeholder type="slideNumber" position="4" size="quarter"/>
  </v:shapetype></p:shaperange>
</xml>