<xml xmlns:v="urn:schemas-microsoft-com:vml"
 xmlns:o="urn:schemas-microsoft-com:office:office"
 xmlns:p="urn:schemas-microsoft-com:office:powerpoint">
 <p:presentation notessizey="5722">
  <p:master id="8" type="main" href="master08.htm" xmlhref="master08.xml"
   template="Layout" layout="title_body"
   slots="title,body,dateTime,footer,slideNumber">
   <p:schemes>
    <p:colorscheme
     colors="#0066CC,#FFFFFF,#000000,#CBCBCB,#009999,#FF9933,#330099,#CBCBCB"/>
    <p:colorscheme
     colors="#FFFFFF,#000000,#868686,#000000,#3366FF,#009900,#FF0033,#CCCCCC"/>
    <p:colorscheme
     colors="#FFFFFF,#000000,#868686,#000000,#EAEAEA,#5F5F5F,#969696,#CBCBCB"/>
   </p:schemes>
  </p:master>
  <p:master id="9" type="title" href="master09.htm" xmlhref="master09.xml"
   layout="title_subtitle"
   slots="centerTitle,subTitle,dateTime,footer,slideNumber"/>
  <p:master id="1" type="notes" href="master01.htm" layout="notes"
   slots="header,dateTime,slideImage,body,footer,slideNumber"/>
  <p:master id="2" type="handout" href="master02.htm" layout="handout"
   slots="header,dateTime,footer,slideNumber"/>
  <p:slide id="11" href="slide0011.htm"/>
  <p:slide id="1" href="slide0001.htm"/>
  <p:slide id="2" href="slide0002.htm"/>
  <p:slide id="3" href="slide0003.htm"/>
  <p:slide id="22" href="slide0022.htm"/>
  <p:slide id="4" href="slide0004.htm" collapseoutline="t"/>
  <p:slide id="5" href="slide0005.htm"/>
  <p:slide id="12" href="slide0012.htm"/>
  <p:slide id="6" href="slide0006.htm"/>
  <p:slide id="7" href="slide0007.htm"/>
  <p:slide id="8" href="slide0008.htm"/>
  <p:slide id="9" href="slide0009.htm"/>
  <p:slide id="10" href="slide0010.htm"/>
  <p:slide id="13" href="slide0013.htm"/>
  <p:slide id="14" href="slide0014.htm"/>
  <p:slide id="15" href="slide0015.htm"/>
  <p:slide id="16" href="slide0016.htm"/>
  <p:slide id="17" href="slide0017.htm"/>
  <p:slide id="18" href="slide0018.htm"/>
  <p:slide id="19" href="slide0019.htm"/>
  <p:slide id="20" href="slide0020.htm"/>
  <p:slide id="21" href="slide0021.htm"/>
  <p:viewstate type="outline" scale="75" restoredleft="68" manualadjustleft="t"/>
  <p:kinsoku language="Japanese" level="levelOne"/>
  <p:font name="Times New Roman" charset="0" type="4"/>
  <p:font name="Arial" charset="0" type="6" family="34"/>
  <p:font name="Wingdings" charset="2" type="6" family="2"/>
  <p:font name="Courier New" charset="0" type="6" family="49"/>
  <p:headersfooters nofooter="t" noheader="t" nodate="t"/>
  <p:headersfooters notes="t" footerstr="dddddddddddddddd" noheader="t"
   nodate="t"/>
  <p:pptdocumentsettings framecolors="WhiteTextOnBlack" hideslideanimation="t"/>
 </p:presentation>
 <o:shapedefaults v:ext="edit" spidmax="35842" fill="f" stroke="f">
  <v:fill on="f"/>
  <v:stroke weight="1pt" endcap="square" on="f"/>
  <v:textbox style='mso-fit-shape-to-text:t'/>
  <o:colormru v:ext="edit" colors="red,#f30"/>
 </o:shapedefaults></xml>