<?xml version="1.0" encoding="UTF-8"?>
<DEFECTS>
  <DEFECT>
    <SFA>
      <FILEPATH>C:\Users\sunnych\Documents\NwCpp2021\NWCpp_StaticAnalysis\CppCon_StaticAnalysis\</FILEPATH>
      <FILENAME>Lifetime.cpp</FILENAME>
      <LINE>18</LINE>
      <COLUMN>4</COLUMN>
    </SFA>
    <DEFECTCODE>26486</DEFECTCODE>
    <DESCRIPTION>Don't pass a pointer that may be invalid to a function. Parameter 0 'it' in call to 'std::_Vector_iterator&lt;std::_Vector_val&lt;std::_Simple_types&lt;int&gt; &gt; &gt;::operator*' may be invalid (lifetime.3).</DESCRIPTION>
    <FUNCTION>dangling_iterator</FUNCTION>
    <DECORATED>?dangling_iterator@@YAXXZ</DECORATED>
    <FUNCLINE>12</FUNCLINE>
    <PATH>
      <SFA>
        <FILEPATH>C:\Users\sunnych\Documents\NwCpp2021\NWCpp_StaticAnalysis\CppCon_StaticAnalysis\</FILEPATH>
        <FILENAME>Lifetime.cpp</FILENAME>
        <LINE>17</LINE>
        <COLUMN>15</COLUMN>
      </SFA>
    </PATH>
  </DEFECT>
  <DEFECT>
    <SFA>
      <FILEPATH>C:\Users\sunnych\Documents\NwCpp2021\NWCpp_StaticAnalysis\CppCon_StaticAnalysis\</FILEPATH>
      <FILENAME>Lifetime.cpp</FILENAME>
      <LINE>18</LINE>
      <COLUMN>8</COLUMN>
    </SFA>
    <DEFECTCODE>26489</DEFECTCODE>
    <DESCRIPTION>Don't dereference a pointer that may be invalid: 'result.*'. '(*:18's result)' may have been invalidated at line 17 (lifetime.1).</DESCRIPTION>
    <FUNCTION>dangling_iterator</FUNCTION>
    <DECORATED>?dangling_iterator@@YAXXZ</DECORATED>
    <FUNCLINE>12</FUNCLINE>
    <PATH>
      <SFA>
        <FILEPATH>C:\Users\sunnych\Documents\NwCpp2021\NWCpp_StaticAnalysis\CppCon_StaticAnalysis\</FILEPATH>
        <FILENAME>Lifetime.cpp</FILENAME>
        <LINE>17</LINE>
        <COLUMN>15</COLUMN>
      </SFA>
      <SFA>
        <FILEPATH>C:\Users\sunnych\Documents\NwCpp2021\NWCpp_StaticAnalysis\CppCon_StaticAnalysis\</FILEPATH>
        <FILENAME>Lifetime.cpp</FILENAME>
        <LINE>18</LINE>
        <COLUMN>4</COLUMN>
      </SFA>
    </PATH>
  </DEFECT>
</DEFECTS>