﻿<?xml version="1.0" encoding="utf-8"?><DEFECTS><DEFECT>
    <SFA>
      <FILEPATH>C:\Users\sunnych\Documents\NwCpp2021\NWCpp_StaticAnalysis\CppCon_StaticAnalysis\</FILEPATH>
      <FILENAME>SwitchFallthrough.cpp</FILENAME>
      <LINE>21</LINE>
      <COLUMN>9</COLUMN>
    </SFA>
    <DEFECTCODE>26819</DEFECTCODE>
    <DESCRIPTION>Unannotated fallthrough between switch labels (es.78).</DESCRIPTION>
    <FUNCTION>foo</FUNCTION>
    <DECORATED>?foo@@YAXH_N@Z</DECORATED>
    <FUNCLINE>8</FUNCLINE>
    <PATH></PATH>
  </DEFECT></DEFECTS>